the link is containing  #, so it not included
https://rxefy.com/
https://rxefy.com/
https://rxefy.com/product/
https://rxefy.com/appointment-management-system/
https://rxefy.com/digital-prescription/
https://rxefy.com/specialized-emr-system/
https://rxefy.com/ai-support-system/
https://rxefy.com/knowledge-box/
https://rxefy.com/diagnostic-services-booking-system/
https://rxefy.com/medicine-delivery-system/
https://rxefy.com/faq-2/
https://rxefy.com/about/
https://rxefy.com/team/
https://rxefy.com/career/
the link is containing  #, so it not included
https://rxefy.com/
https://rxefy.com/
https://rxefy.com/product/
https://rxefy.com/appointment-management-system/
https://rxefy.com/digital-prescription/
https://rxefy.com/specialized-emr-system/
https://rxefy.com/ai-support-system/
https://rxefy.com/knowledge-box/
https://rxefy.com/diagnostic-services-booking-system/
https://rxefy.com/medicine-delivery-system/
https://rxefy.com/faq-2/
https://rxefy.com/about/
https://rxefy.com/team/
https://rxefy.com/career/
the link is containing  #, so it not included
the link is containing  #, so it not included
the link is containing  #, so it not included
the link is containing  #, so it not included
the link is containing  #, so it not included
the link is containing  #, so it not included
the link is containing  #, so it not included
the link is containing  #, so it not included
the link is containing  #, so it not included
the link is containing  #, so it not included
the link is containing  #, so it not included
the link is containing  #, so it not included
the link is containing  #, so it not included
the link is containing  #, so it not included
the link is containing  #, so it not included
the link is containing  #, so it not included
mailto:info@rxefy.com
tel:+917890777700
https://www.google.com/maps/search/1201,+DLF%20Galleria,Action%20Area%201B,+New%20Town,+West%20Bengal,+700156+India
https://rxefy.com/product/
https://rxefy.com/career/
https://rxefy.com/privacy-policy/
https://rxefy.com/terms/
https://instagram.com/rxefytech?igshid=MzRlODBiNWFlZA==
https://www.linkedin.com/company/rxefy/
